
SAN JUAN PR 009
SPRINGFIELD MA 011
SHREWSBURY MA 015
NORTH READING MA 018
BOSTON MA 022
BROCKTON MA 023
WALTHAM MA 024
WAREHAM MA 025
PROVIDENCE RI 029
MANCHESTER NH 031
PORTSMOUTH NH 038
SCARBOROUGH ME 040
HAMPDEN ME 044
WHITE RIVER JUNCTION VT 050
ESSEX JUNCTION VT 054
HARTFORD CT 061
WALLINGFORD CT 064
STAMFORD CT 069
KEARNY NJ 070
TETERBORO NJ 076
W EATONTOWN NJ 077
BELLMAWR NJ 080
TRENTON NJ 086
EDISON NJ 088
NEW YORK NY 101
STATEN ISLAND NY 103
BRONX NY 104
WHITE PLAINS NY 106
FLUSHING NY 113
BROOKLYN NY 112
GARDEN CITY NY 115
MELVILLE NY 117
ALBANY NY 122
NEWBURGH NY 125
GLENS FALLS NY 128
PLATTSBURGH NY 129
SYRACUSE NY 132
UTICA NY 135
BINGHAMTON NY 139
BUFFALO NY 142
ROCHESTER NY 146
JAMESTOWN NY 147
ELMIRA NY 149
PITTSBURGH PA 152
YOUNGWOOD PA 156
DU BOIS PA 158
JOHNSTOWN PA 159
NEW CASTLE PA 161
OIL CITY PA 163
ERIE PA 165
DUNCANSVILLE PA 166
BRADFORD PA 167
HARRISBURG PA 171
LANCASTER PA 176
WILLIAMSPORT PA 177
LEHIGH VALLEY PA 180
SCRANTON PA 185
SOUTHEASTERN PA 193
PHILADELPHIA PA 191
READING PA 196
NE WASHINGTON DC 200
DULLES VA 201
NE WASHINGTON DC 200
CAPITOL HEIGHTS MD 207
GAITHERSBURG MD 208
LINTHICUM HEIGHTS MD 210
RM 505 BALTIMORE MD 212
CUMBERLAND MD 215
EASTON MD 216
FREDERICK MD 217
MERRIFIELD VA 220
CULPEPER VA 227
SANDSTON VA 231
NORFOLK VA 235
FARMVILLE VA 239
NE ROANOKE VA 240
BRISTOL VA 242
LYNCHBURG VA 245
BLUEFIELD WV 247
LEWISBURG WV 249
CHARLESTON WV 253
MARTINSBURG WV 254
WHEELING WV 260
PARKERSBURG WV 261
CLARKSBURG WV 263
GASSAWAY WV 266
PETERSBURG WV 268
GREENSBORO NC 274
RALEIGH NC 276
ROCKY MOUNT NC 278
STE A CHARLOTTE NC 282
FAYETTEVILLE NC 283
KINSTON NC 285
HICKORY NC 286
ASHEVILLE NC 288
WEST COLUMBIA SC 291
NORTH CHARLESTON SC 294
FLORENCE SC 295
GREENVILLE SC 296
DULUTH GA 300
SW ATLANTA GA 303
SWAINSBORO GA 304
ATHENS GA 306
AUGUSTA GA 309
MACON GA 312
SAVANNAH GA 314
WAYCROSS GA 315
VALDOSTA GA 316
ALBANY GA 317
COLUMBUS GA 319
JACKSONVILLE FL 322
TALLAHASSEE FL 323
PANAMA CITY FL 324
PENSACOLA FL 325
GAINESVILLE FL 326
MID FLORIDA FL 327
ORLANDO FL 328
PEMBROKE PINES FL 330
STE 200 MIAMI FL 331
STE 1 FORT LAUDERDALE FL 333
WEST PALM BEACH FL 334
TAMPA FL 336
N SAINT PETERSBURG FL 337
LAKELAND FL 338
RM B‐111 FORT MYERS FL 339
SARASOTA FL 342
N BIRMINGHAM AL 352
E TUSCALOOSA AL 354
HUNTSVILLE AL 358
MONTGOMERY AL 361
ANNISTON AL 362
DOTHAN AL 363
EVERGREEN AL 364
MOBILE AL 366
NASHVILLE TN 372
CHATTANOOGA TN 374
JOHNSON CITY TN 376
KNOXVILLE TN 379
MEMPHIS TN 381
MC KENZIE TN 382
MARTIN LUTHER KING JR D JACKSON TN 383
COLUMBIA TN 384
COOKEVILLE TN 385
STE 154 GREENVILLE MS 387
TUPELO MS 388
GRENADA MS 389
JACKSON MS 392
MERIDIAN MS 393
HATTIESBURG MS 394
GULFPORT MS 395
COLUMBUS MS 397
LOUISVILLE KY 402
LEXINGTON KY 405

ASHLAND KY 411
CAMPTON 175 MOUNTAIN PARKWAY SPUR CAMPTON KY 413
PIKEVILLE KY 415
HAZARD KY 417
PADUCAH KY 420
BOWLING GREEN KY 421
OWENSBORO 54 BON HARBOR HLS OWENSBORO KY 423
SOMERSET KY 425
ELIZABETHTOWN KY 427
COLUMBUS OH 432
TOLEDO OH 436
STEUBENVILLE OH 439
RM 30 CLEVELAND OH 441
RM 114 AKRON OH 443
RM 289 YOUNGSTOWN OH 445
NW CANTON OH 447
MANSFIELD OH 449
CINCINNATI OH 452
DAYTON OH 454
CHILLICOTHE OH 456
ATHENS OH 457
INDIANAPOLIS IN 462
GARY IN 464
SOUTH BEND IN 466
FORT WAYNE IN 468
KOKOMO IN 469
COLUMBUS IN 472
MUNCIE IN 473
BLOOMINGTON IN 474
EVANSVILLE IN 477
TERRE HAUTE IN 478

PONTIAC MI 483

FLINT MI 485
SAGINAW MI 486
LANSING MI 489
KALAMAZOO MI 490
JACKSON MI 492
NW GRAND RAPIDS MI 495
N TRAVERSE CITY MI 496
GAYLORD MI 497
KINGSFORD MI 498
DES MOINES IA 503
FORT DODGE IA 505
WATERLOO IA 507
CRESTON IA 508
SIOUX FALLS SD 571
CARROLL IA 514
STE 1 DUBUQUE IA 520
DECORAH IA 521
SE CEDAR RAPIDS IA 524
BURLINGTON IA 526
MILWAUKEE WI 532
MADISON WI 537
PORTAGE WI 539
GREEN BAY WI 543
ROTHSCHILD WI 544
RHINELANDER WI 545
LA CROSSE WI 546
EAU CLAIRE WI 547
SPOONER WI 548
OSHKOSH WI 549
S BLDG 2 EAGAN MN 551
MINNEAPOLIS MN 554
DULUTH MN 558
NW ROCHESTER MN 559
MANKATO MN 560
SW WILLMAR MN 562
S WAITE PARK MN 563
BRAINERD MN 564
W DETROIT LAKES MN 565
NW BEMIDJI MN 566
SIOUX FALLS SD 571
NW HURON SD 573
ABERDEEN SD 574
STE 101 PIERRE SD 575
MOBRIDGE SD 576
RAPID CITY SD 577
N OFC FARGO ND 581
S GRAND FORKS ND 582
NE DEVILS LAKE ND 583
SW JAMESTOWN ND 584

SW MINOT ND 587
WILLISTON 120 E BROADWAY WILLISTON ND 588
BILLINGS MT 591
WOLF POINT MT 592
MILES CITY MT 593
SW GREAT FALLS MT 594
HAVRE MT 595
HELENA MT 596
BUTTE MT 597
MISSOULA MT 598
KALISPELL MT 599
PALATINE IL 600
CAROL STREAM IL 601
BEDFORD PARK IL 604
FOX VALLEY IL 605
CHICAGO IL 606
KANKAKEE IL 609
ROCKFORD IL 611
MILAN IL 612
LA SALLE IL 613
STE A GALESBURG IL 614
PEORIA IL 616
BLOOMINGTON IL 617
CHAMPAIGN IL 618
QUINCY IL 623
EFFINGHAM IL 624
SPRINGFIELD IL 627
CENTRALIA IL 628
CARBONDALE IL 629
SAINT LOUIS MO 631
CAPE GIRARDEAU MO 637
KANSAS CITY MO 641
STE 1 SAINT JOSEPH MO 645
CHILLICOTHE MO 646
HARRISONVILLE MO 647
COLUMBIA MO 652
SPRINGFIELD 500 W CHESTNUT EXPY SPRINGFIELD MO 658
TOPEKA KS 666
FORT SCOTT KS 667
WICHITA KS 672
WICHITA KS 672
SALINA KS 674
HUTCHINSON KS 675
HAYS KS 676
COLBY KS 677
DODGE CITY KS 678
LIBERAL KS 679
OMAHA NE 681
LINCOLN NE 685
NORFOLK NE 687
GRAND ISLAND NE 688
MC COOK NE 690
NORTH PLATTE NE 691
VALENTINE NE 692
ALLIANCE NE 693
NEW ORLEANS LA 701
NEW ORLEANS LA 701
MANDEVILLE LA 704
LAFAYETTE LA 705
BATON ROUGE LA 708
SHREVEPORT LA 711
MONROE LA 712
PINE BLUFF AR 716
CAMDEN AR 717
HOT SPRINGS NATIONAL AR 719
LITTLE ROCK AR 722
JONESBORO AR 724
HARRISON AR 726
FAYETTEVILLE AR 727
RUSSELLVILLE AR 728
FORT SMITH AR 729
OKLAHOMA CITY OK 731
SW ARDMORE OK 734
LAWTON OK 735
CLINTON OK 736
FL 1 ENID OK 737
WOODWARD OK 738
TULSA OK 741
MUSKOGEE OK 744
MCALESTER OK 745
PONCA CITY OK 746
DURANT OK 747

POTEAU OK 749
COPPELL TX 750
DALLAS 401 DFW TPKE DALLAS TX 752

PALESTINE TX 758
LUFKIN TX 759
FORT WORTH TX 761
WACO 430 W STATE HIGHWAY 6 WACO TX 767
HOUSTON TX 772
NORTH HOUSTON TX 773
BEAUMONT TX 777
BRYAN TX 778
SAN ANTONIO TX 782
CORPUS CHRISTI TX 784
MCALLEN TX 785
AUSTIN TX 787
AMARILLO TX 791
CHILDRESS 507 AVENUE F NW CHILDRESS TX 792
LUBBOCK TX 794
ABILENE TX 796
40 MIDLAND TX 797
EL PASO TX 799
DENVER CO 802
COLORADO SPRINGS CO 809
ALAMOSA CO 811
SALIDA CO 812
DURANGO CO 813
GRAND JUNCTION CO 815
GRAND JUNCTION CO 815
CHEYENNE WY 820
WHEATLAND WY 822
RAWLINS WY 823
WORLAND WY 824
RIVERTON WY 825
CASPER WY 826
GILLETTE WY 827
SHERIDAN WY 828
ROCK SPRINGS WY 829
POCATELLO ID 832
TWIN FALLS ID 833
LEWISTON ID 835
BOISE ID 837

PROVO 936 S 250 E PROVO UT 846
PHOENIX AZ 850


SHOW LOW 191 W DEUCE OF CLUBS SHOW LOW AZ 859
FLAGSTAFF AZ 860
PRESCOTT AZ 863
KINGMAN AZ 864
NE ALBUQUERQUE NM 871
GALLUP NM 873
FARMINGTON NM 874
LAS VEGAS NM 877
SOCORRO NM 878
TRUTH OR CONSEQUENCE NM 879
LAS CRUCES NM 880
CLOVIS NM 881
ROSWELL NM 882
ALAMOGORDO NM 883
TUCUMCARI NM 884

ELY NV 893
RENO NV 895
ELKO NV 898
LOS ANGELES CA 900
LONG BEACH CA 908
PASADENA CA 911
SANTA CLARITA CA 913
CITY OF INDUSTRY CA 917
SAN DIEGO CA 921
SAN BERNARDINO CA 924
SANTA ANA CA 927
ANAHEIM CA 928
GOLETA CA 931
BAKERSFIELD CA 933
FRESNO CA 937
SALINAS CA 939
SAN FRANCISCO CA 941
OAKLAND CA 946
PETALUMA CA 949
SAN JOSE CA 951
STOCKTON CA 952
EUREKA CA 955
WEST SACRAMENTO CA 957
REDDING CA 960
RM 208E HONOLULU HI 968
BARRIGADA GU 969
PORTLAND OR 972
SE SALEM OR 973
SPRINGFIELD OR 974
MEDFORD OR 975
KLAMATH FALLS OR 976
BEND OR 977
PENDLETON OR 978
S SEATTLE WA 981
EVERETT WA 982
TACOMA WA 984
SW TUMWATER WA 985
WENATCHEE WA 988
YAKIMA WA 989
SPOKANE WA 992
PASCO WA 993
ANCHORAGE AK 995
FAIRBANKS AK 997
JUNEAU AK 998
KETCHIKAN AK 999
